Date,TSLA,AAPL,MSFT,ARKK,AMZN,GOOG,NFLX,NVDA,FB,SPY,IWM,BABA,V,VOO,ARKQ,ETH-USD,BTC-USD
2021-11-03,404.6199951171875,150.64584350585938,331.2259826660156,123.61946868896484,169.1999969482422,146.7899932861328,688.2899780273438,265.7669677734375,331.6199951171875,457.79266357421875,235.607666015625,166.24000549316406,206.6355438232422,420.6788330078125,87.92240142822266,4607.19384765625,62970.046875
2021-11-04,409.9700012207031,150.11878967285156,333.6457214355469,123.37151336669922,173.85000610351562,148.68299865722656,668.4000244140625,297.7713317871094,335.8500061035156,459.9500427246094,235.5188446044922,164.7899932861328,207.31076049804688,422.6480712890625,88.54743957519531,4537.32421875,61452.23046875
2021-11-05,407.36334228515625,150.6565704345703,333.26885986328125,121.28871154785156,175.94949340820312,149.24099731445312,645.719970703125,297.28167724609375,341.1300048828125,461.5458679199219,238.73739624023438,158.72999572753906,215.14523315429688,424.0856018066406,88.07121276855469,4486.2431640625,61125.67578125
2021-11-08,387.64666748046875,149.82005310058594,334.1911315917969,122.3896255493164,174.44900512695312,149.35150146484375,651.4500122070312,307.79327392578125,338.6199951171875,461.9399108886719,239.4778594970703,162.16000366210938,218.93833923339844,424.59759521484375,89.1327896118164,4812.08740234375,67566.828125
2021-11-09,341.1666564941406,150.18850708007812,333.1597900390625,119.58279418945312,178.81149291992188,149.24850463867188,655.989990234375,306.324462890625,335.3699951171875,460.4129943847656,238.0857696533203,160.19000244140625,211.88832092285156,423.1108093261719,86.91043090820312,4735.06884765625,66971.828125
2021-11-10,355.98333740234375,147.3104248046875,328.05255126953125,115.5857925415039,174.1024932861328,146.62600708007812,646.9099731445312,294.3540344238281,327.6400146484375,456.7090759277344,234.33407592773438,163.97000122070312,214.4198455810547,419.70404052734375,85.6107406616211,4636.17431640625,64995.23046875
2021-11-11,354.5033264160156,147.2606201171875,329.66900634765625,116.37923431396484,173.625,146.7480010986328,657.5800170898438,303.6565856933594,327.739990234375,456.8568420410156,236.2198028564453,167.85000610351562,209.30702209472656,419.8418884277344,86.45404815673828,4730.38427734375,64949.9609375
2021-11-12,344.47332763671875,149.37188720703125,333.9233703613281,117.51982116699219,176.25750732421875,149.64549255371094,682.6099853515625,303.6565856933594,340.8900146484375,460.30462646484375,236.45675659179688,166.80999755859375,210.96820068359375,422.9631652832031,86.81121826171875,4667.115234375,64155.94140625
2021-11-15,337.7966613769531,149.3818359375,333.2787780761719,116.56768035888672,177.28399658203125,149.38800048828125,679.3300170898438,300.009521484375,347.55999755859375,460.4622802734375,235.5188446044922,166.5399932861328,211.17709350585938,423.1600646972656,86.61279296875,4557.50390625,63557.87109375
2021-11-16,351.57666015625,150.3777313232422,336.6902160644531,117.94630432128906,177.03500366210938,149.0760040283203,687.4000244140625,301.7880859375,342.9599914550781,462.28466796875,235.95323181152344,168.42999267578125,214.04183959960938,424.77484130859375,87.60491943359375,4216.365234375,60161.24609375
2021-11-17,363.0033264160156,152.8574676513672,336.918701171875,115.76432037353516,177.4499969482422,149.06199645996094,691.6900024414062,292.3756103515625,340.7699890136719,461.16168212890625,232.86300659179688,161.5800018310547,203.9753875732422,423.7508239746094,86.75169372558594,4287.59375,60368.01171875
2021-11-18,365.4599914550781,157.2194061279297,339.05474853515625,112.8880615234375,184.80299377441406,150.70899963378906,682.02001953125,316.4963073730469,338.69000244140625,462.72802734375,231.87570190429688,143.60000610351562,202.25453186035156,425.2179260253906,85.82901000976562,4000.65087890625,56942.13671875
2021-11-19,379.0199890136719,159.8883819580078,340.8828125,112.31280517578125,183.82850646972656,149.95249938964844,678.7999877929688,329.5858154296875,345.29998779296875,461.9005126953125,229.76290893554688,140.33999633789062,199.79759216308594,424.42034912109375,85.58097839355469,4298.306640625,58119.578125
2021-11-22,385.6233215332031,160.35643005371094,337.62408447265625,107.60169982910156,178.6284942626953,147.07850646972656,659.2000122070312,319.30401611328125,341.010009765625,460.6001892089844,228.78549194335938,136.6199951171875,194.5455322265625,423.29791259765625,83.17010498046875,4088.457763671875,56289.2890625
2021-11-23,369.6766662597656,160.7448272705078,335.4880676269531,105.09241485595703,179.0019989013672,146.7570037841797,654.0599975585938,317.2057189941406,337.25,461.2109375,228.3905792236328,133.66000366210938,197.4401397705078,423.84930419921875,82.31687927246094,4340.763671875,57569.07421875
2021-11-24,372.0,161.2726593017578,335.716552734375,106.8875961303711,179.02049255371094,146.71749877929688,658.2899780273438,326.4782409667969,341.05999755859375,462.4422912597656,228.63739013671875,136.52000427246094,202.17494201660156,424.89300537109375,83.80506896972656,4239.9814453125,56280.42578125
2021-11-26,360.6400146484375,156.16378784179688,327.53997802734375,106.242919921875,175.22799682617188,142.80599975585938,665.6400146484375,314.77764892578125,333.1199951171875,452.12835693359375,220.01832580566406,133.35000610351562,196.6045684814453,415.6474304199219,81.7811279296875,4030.908935546875,53569.765625
2021-11-29,378.9966735839844,159.57965087890625,334.44488525390625,106.0445556640625,178.07850646972656,146.11399841308594,663.8400268554688,333.4926452636719,338.0299987792969,457.6744689941406,219.88009643554688,131.61000061035156,195.2517547607422,420.6689453125,82.3863296508789,4445.10498046875,57806.56640625
2021-11-30,381.586669921875,164.61880493164062,328.4440612792969,104.82463073730469,175.35350036621094,142.45199584960938,641.9000244140625,326.4982604980469,324.4599914550781,448.76922607421875,215.3977813720703,127.52999877929688,192.74510192871094,412.61480712890625,81.51325225830078,4631.47900390625,57005.42578125
2021-12-01,365.0,164.0909881591797,327.9374084472656,97.79267883300781,172.18600463867188,141.6179962158203,617.77001953125,314.1366882324219,310.6000061035156,443.7846374511719,210.5501708984375,122.48999786376953,189.15420532226562,407.8689270019531,78.6162338256836,4586.990234375,57229.828125
2021-12-02,361.5333251953125,163.08514404296875,327.3512268066406,98.20923614501953,171.8679962158203,143.77650451660156,616.469970703125,321.0419921875,310.3900146484375,450.5817565917969,216.42457580566406,122.0,197.24118041992188,414.09173583984375,79.72742462158203,4511.30224609375,56477.81640625
2021-12-03,338.3233337402344,161.1730499267578,320.9132995605469,92.76419067382812,169.489501953125,142.52049255371094,602.1300048828125,306.7217102050781,306.8399963378906,446.6611328125,211.98175048828125,111.95999908447266,195.2816162109375,410.4289245605469,77.03875732421875,4220.7060546875,53598.24609375
2021-12-06,336.336669921875,164.63873291015625,324.0726623535156,94.17256164550781,171.36849975585938,143.79649353027344,612.6900024414062,300.1661682128906,317.8699951171875,451.9510498046875,216.2369842529297,123.5999984741211,201.6079559326172,415.33233642578125,77.82254028320312,4358.7373046875,50582.625
2021-12-07,350.5833435058594,170.47454833984375,332.7459716796875,99.29031372070312,176.1645050048828,148.0364990234375,625.5800170898438,324.0499267578125,322.80999755859375,461.299560546875,221.25244140625,125.54000091552734,206.27316284179688,423.8689880371094,79.84648132324219,4315.0615234375,50700.0859375
2021-12-08,356.32000732421875,174.35850524902344,332.795654296875,102.3748550415039,176.1580047607422,148.7205047607422,628.0800170898438,318.0440368652344,330.55999755859375,462.5210876464844,222.7629852294922,125.08000183105469,207.8845977783203,425.0603942871094,80.99734497070312,4439.35791015625,50504.796875
2021-12-09,334.6000061035156,173.84063720703125,330.9377746582031,96.9298095703125,174.17100524902344,148.1060028076172,611.0,304.6930847167969,329.82000732421875,459.3983459472656,217.7179412841797,123.91000366210938,210.2718963623047,422.1656494140625,78.35829162597656,4119.81591796875,47672.12109375
2021-12-10,339.010009765625,178.7104949951172,340.3165283203125,95.38257598876953,172.21200561523438,148.6750030517578,611.6599731445312,301.77508544921875,329.75,463.722900390625,217.11569213867188,125.05999755859375,212.27125549316406,426.19268798828125,77.9217529296875,3908.49609375,47243.3046875
2021-12-13,322.13665771484375,175.01577758789062,337.1968688964844,93.72624969482422,169.5675048828125,146.70449829101562,604.5599975585938,281.41888427734375,334.489990234375,459.6150817871094,213.94277954101562,122.23999786376953,209.9038543701172,422.41180419921875,76.39386749267578,3784.226806640625,46737.48046875
2021-12-14,319.5033264160156,173.61160278320312,326.20867919921875,92.65509033203125,169.0915069580078,144.9705047607422,597.989990234375,283.17767333984375,333.739990234375,456.452880859375,212.100830078125,126.58000183105469,208.86935424804688,419.5366516113281,75.40174102783203,3745.4404296875,46612.6328125
2021-12-15,325.3299865722656,178.5611114501953,332.47772216796875,94.64863586425781,173.31500244140625,147.36849975585938,605.0399780273438,304.38330078125,341.6600036621094,463.58502197265625,215.46783447265625,122.47000122070312,211.18702697753906,426.09423828125,76.42362976074219,4018.388671875,48896.72265625
2021-12-16,308.97332763671875,171.55010986328125,322.791015625,91.11779022216797,168.87100219726562,144.8385009765625,591.0599975585938,283.6773376464844,334.8999938964844,459.49688720703125,211.11053466796875,120.25,213.23611450195312,422.2443542480469,74.30047607421875,3962.4697265625,47665.42578125
2021-12-17,310.8566589355469,170.4347381591797,321.6981506347656,96.40413665771484,170.0175018310547,142.80299377441406,586.72998046875,277.82135009765625,333.7900085449219,454.60650634765625,213.051513671875,122.0999984741211,210.7593231201172,417.86285400390625,75.0743408203125,3879.486572265625,46202.14453125
2021-12-20,299.9800109863281,169.0504608154297,317.8334045410156,93.9543685913086,167.07899475097656,142.40150451660156,593.739990234375,277.00189208984375,325.45001220703125,449.7724609375,210.0608367919922,115.0,207.63592529296875,413.3433837890625,73.24882507324219,3933.844482421875,46880.27734375
2021-12-21,312.84332275390625,172.277099609375,325.1654968261719,97.56456756591797,170.41700744628906,144.2205047607422,604.9199829101562,290.55267333984375,334.20001220703125,457.760009765625,216.06199645996094,122.9800033569336,214.2407989501953,420.6790466308594,76.22521209716797,4020.260009765625,48936.61328125
2021-12-22,336.2900085449219,174.9161834716797,331.03717041015625,97.4554672241211,171.03700256347656,146.94900512695312,614.239990234375,293.8005065917969,330.45001220703125,462.3370056152344,218.14161682128906,117.80999755859375,216.80715942382812,424.92840576171875,76.8700942993164,3982.099609375,48628.51171875
2021-12-23,355.6666564941406,175.55355834960938,332.5174560546875,98.25883483886719,171.06849670410156,147.1425018310547,614.0900268554688,296.1988220214844,335.239990234375,465.2137145996094,219.88453674316406,118.66000366210938,215.4742431640625,427.5472412109375,78.05072021484375,4108.015625,50784.5390625
2021-12-27,364.64666748046875,179.5868682861328,340.22711181640625,96.6124267578125,169.66949462890625,148.06399536132812,613.1199951171875,309.2400207519531,346.17999267578125,471.7974853515625,221.94432067871094,116.58999633789062,216.47889709472656,433.6445617675781,78.25907135009766,4037.547607421875,50640.41796875
2021-12-28,362.8233337402344,178.55113220214844,339.0348815917969,94.84699249267578,170.66099548339844,146.447998046875,610.7100219726562,303.01422119140625,346.2200012207031,471.4118957519531,220.58763122558594,114.80000305175781,216.89666748046875,433.3184814453125,77.38600158691406,3800.89306640625,47588.85546875
2021-12-29,362.0633239746094,178.64077758789062,339.7303771972656,93.83000183105469,169.2010040283203,146.50450134277344,610.5399780273438,299.806396484375,342.94000244140625,472.01495361328125,220.8253173828125,112.08999633789062,217.0160369873047,433.8422546386719,76.81999969482422,3628.53173828125,46444.7109375
2021-12-30,356.7799987792969,177.46563720703125,337.117431640625,96.69999694824219,168.64450073242188,146.00250244140625,612.0900268554688,295.6592102050781,344.3599853515625,470.7100524902344,220.76588439941406,122.98999786376953,216.71762084960938,432.6168212890625,77.7300033569336,3713.85205078125,47178.125
2021-12-31,352.260009765625,176.83824157714844,334.13690185546875,94.58999633789062,166.7169952392578,144.67950439453125,602.4400024414062,293.910400390625,336.3500061035156,469.5237731933594,220.29055786132812,118.79000091552734,215.56375122070312,431.43096923828125,77.01000213623047,3682.6328125,46306.4453125
2022-01-03,399.9266662597656,181.25991821289062,332.57708740234375,96.98999786376953,170.4044952392578,145.07449340820312,597.3699951171875,301.0055847167969,338.5400085449219,472.2423095703125,223.13270568847656,120.37999725341797,220.2587890625,434.07940673828125,78.73999786376953,3761.38037109375,46458.1171875
2022-01-04,383.1966552734375,178.95945739746094,326.8743591308594,92.69000244140625,167.52200317382812,144.41650390625,591.1500244140625,292.7012023925781,336.5299987792969,472.0841369628906,222.79598999023438,119.55999755859375,221.28334045410156,433.9015197753906,77.63999938964844,3794.056640625,45897.57421875
2022-01-05,362.7066650390625,174.1991424560547,314.32635498046875,86.12000274658203,164.35699462890625,137.65350341796875,567.52001953125,275.8526611328125,324.1700134277344,463.01910400390625,215.24996948242188,121.16000366210938,218.8363494873047,425.59051513671875,73.94999694824219,3550.386962890625,43569.00390625
2022-01-06,354.8999938964844,171.29119873046875,311.8425598144531,85.58000183105469,163.25399780273438,137.55099487304688,553.2899780273438,281.5887756347656,332.4599914550781,462.58416748046875,216.47792053222656,126.62999725341797,218.58767700195312,425.017333984375,73.86000061035156,3418.408203125,43160.9296875
2022-01-07,342.32000732421875,171.4604949951172,312.00152587890625,84.41999816894531,162.5540008544922,137.00450134277344,541.0599975585938,272.28509521484375,331.7900085449219,460.7553405761719,213.97250366210938,129.80999755859375,215.81243896484375,423.54486083984375,72.87999725341797,3193.21044921875,41557.90234375
2022-01-10,352.7066650390625,171.48040771484375,312.23004150390625,84.63999938964844,161.48599243164062,138.57400512695312,539.8499755859375,273.81402587890625,328.07000732421875,460.18194580078125,213.2297821044922,128.3000030517578,210.8488311767578,422.99151611328125,72.26000213623047,3083.097900390625,41821.26171875
2022-01-11,354.79998779296875,174.35850524902344,312.9354553222656,86.9800033569336,165.36199951171875,140.0175018310547,540.8400268554688,277.9812316894531,334.3699951171875,464.3734436035156,215.49754333496094,132.19000244140625,213.24607849121094,426.69732666015625,73.94000244140625,3238.111572265625,42735.85546875
2022-01-12,368.739990234375,174.806640625,316.20404052734375,84.55999755859375,165.20700073242188,141.6479949951172,537.219970703125,279.79998779296875,333.260009765625,465.6288757324219,213.89328002929688,137.41000366210938,214.56906127929688,427.97216796875,73.19999694824219,3372.25830078125,43949.1015625
2022-01-13,343.85333251953125,171.48040771484375,302.8215026855469,79.9800033569336,161.21400451660156,139.13099670410156,519.2000122070312,265.56964111328125,326.4800109863281,459.213134765625,211.93247985839844,131.3699951171875,213.86280822753906,422.0724182128906,70.76000213623047,3248.28857421875,42591.5703125
2022-01-14,349.8699951171875,172.35679626464844,308.18646240234375,80.23999786376953,162.13800048828125,139.7864990234375,525.6900024414062,269.2371826171875,331.8999938964844,459.4010009765625,212.2295684814453,131.57000732421875,213.53456115722656,422.2008972167969,70.75,3310.00146484375,43099.69921875
2022-01-18,343.5033264160156,169.10025024414062,300.6854553222656,76.91000366210938,158.91749572753906,136.29049682617188,510.79998779296875,258.8542175292969,318.1499938964844,451.26519775390625,205.81246948242188,128.60000610351562,214.56906127929688,414.7990417480469,68.66999816894531,3164.025146484375,42375.6328125
2022-01-19,331.8833312988281,165.5449676513672,301.3609924316406,75.75,156.2989959716797,135.65199279785156,515.8599853515625,250.49989318847656,319.5899963378906,446.5794372558594,202.46530151367188,127.73999786376953,213.54449462890625,410.4409484863281,67.7300033569336,3095.825927734375,41744.328125
2022-01-20,332.0899963378906,163.83204650878906,299.6422424316406,75.87000274658203,151.66749572753906,133.50650024414062,508.25,241.3361053466797,316.55999755859375,441.63665771484375,198.80120849609375,131.02999877929688,213.2162628173828,405.9247741699219,67.58000183105469,3001.1201171875,40680.41796875
2022-01-21,314.6333312988281,161.74070739746094,294.1084289550781,71.5199966430664,142.64300537109375,130.0919952392578,397.5,233.5813751220703,303.1700134277344,432.967041015625,195.0777130126953,123.2300033569336,204.8407745361328,397.94976806640625,65.30999755859375,2557.931640625,36457.31640625
2022-01-24,310.0,160.95394897460938,294.44622802734375,73.54000091552734,144.54400634765625,130.3719940185547,387.1499938964844,233.5614013671875,308.7099914550781,434.8057556152344,199.57363891601562,120.37000274658203,200.78236389160156,399.6099853515625,65.61000061035156,2440.352294921875,36654.328125
2022-01-25,306.1333312988281,159.12155151367188,286.6173400878906,70.80000305175781,139.98599243164062,126.7354965209961,366.4200134277344,223.08851623535156,300.1499938964844,429.4972229003906,196.9097442626953,119.13999938964844,200.9315643310547,394.75775146484375,64.54000091552734,2455.93505859375,36954.00390625
2022-01-26,312.4700012207031,159.03192138671875,294.78399658203125,69.02999877929688,138.87249755859375,129.24000549316406,359.70001220703125,227.5654754638672,294.6300048828125,428.4197082519531,194.06761169433594,113.37000274658203,204.78109741210938,393.8683776855469,63.68000030517578,2468.0302734375,36852.12109375
2022-01-27,276.3666687011719,158.56387329101562,297.8936767578125,66.33000183105469,139.6374969482422,129.12100219726562,386.70001220703125,219.29107666015625,294.6400146484375,426.3041687011719,189.66082763671875,111.79000091552734,205.05960083007812,391.8721618652344,60.970001220703125,2423.001220703125,37138.234375
2022-01-28,282.1166687011719,169.62806701660156,306.259033203125,68.91000366210938,143.97799682617188,133.2895050048828,384.3599853515625,228.24497985839844,301.7099914550781,436.8916320800781,193.35458374023438,115.2300033569336,226.79405212402344,401.4777526855469,62.04999923706055,2547.092041015625,37784.33203125
2022-01-31,312.239990234375,174.0597381591797,308.9613952636719,75.43000030517578,149.57350158691406,135.69850158691406,427.1400146484375,244.69383239746094,313.260009765625,444.760498046875,199.2864532470703,125.79000091552734,224.97372436523438,408.8203125,65.91000366210938,2688.27880859375,38483.125
2022-02-01,310.4166564941406,173.8904266357422,306.7557678222656,77.08000183105469,151.19349670410156,137.8784942626953,457.1300048828125,246.21279907226562,319.0,447.76568603515625,201.3858642578125,127.22000122070312,231.13096618652344,411.4884948730469,66.55999755859375,2792.1171875,38743.2734375
2022-02-02,301.88665771484375,175.11537170410156,311.4252624511719,73.13999938964844,150.6125030517578,148.0364990234375,429.4800109863281,252.2487030029297,323.0,452.1153564453125,199.38546752929688,122.87999725341797,234.1748046875,415.4117431640625,65.11000061035156,2682.85400390625,36952.984375
2022-02-03,297.0466613769531,172.18746948242188,299.2945556640625,69.04000091552734,138.8455047607422,142.65049743652344,405.6000061035156,239.31748962402344,237.75999450683594,441.4883728027344,195.6124725341797,123.47000122070312,230.31532287597656,405.75677490234375,62.93000030517578,2679.16259765625,37154.6015625
2022-02-04,307.7733459472656,171.8983154296875,303.9541015625,72.75,157.63949584960938,143.01600646972656,410.1700134277344,243.0249481201172,237.08999633789062,443.5643615722656,196.4542236328125,122.22000122070312,227.18199157714844,407.6640625,64.66000366210938,2983.5869140625,41500.875
2022-02-07,302.4466552734375,171.17039489746094,298.9964904785156,72.4800033569336,157.9355010986328,138.93800354003906,402.1000061035156,247.11219787597656,224.91000366210938,442.14080810546875,197.42469787597656,114.81999969482422,225.95849609375,406.320068359375,64.7300033569336,3142.470703125,43840.28515625
2022-02-08,307.3333435058594,174.3313446044922,302.5830383300781,72.38999938964844,161.4134979248047,139.21299743652344,403.5299987792969,250.90960693359375,220.17999267578125,445.7787170410156,200.79168701171875,121.9000015258789,226.734375,409.61083984375,66.12999725341797,3122.608642578125,44118.4453125
2022-02-09,310.6666564941406,175.7772216796875,309.18988037109375,76.11000061035156,161.1894989013672,141.4530029296875,412.8900146484375,266.8687438964844,232.0,452.3031921386719,204.60433959960938,126.5,229.6488494873047,415.6192932128906,67.81999969482422,3239.45703125,44338.796875
2022-02-10,301.51666259765625,171.6290740966797,300.4172058105469,73.76000213623047,159.0034942626953,138.6024932861328,406.2699890136719,258.0647277832031,228.07000732421875,444.17724609375,201.46510314941406,123.9800033569336,224.76185607910156,408.3162841796875,66.13999938964844,3077.482177734375,43565.11328125
2022-02-11,286.6666564941406,168.1590118408203,293.1248779296875,71.9000015258789,153.2935028076172,134.1300048828125,391.30999755859375,239.32748413085938,219.5500030517578,435.41864013671875,199.4250946044922,122.25,223.8651885986328,400.1733093261719,65.02999877929688,2927.383544921875,42407.9375
2022-02-14,291.9200134277344,168.3983154296875,293.0851135253906,71.38999938964844,155.16700744628906,135.3000030517578,396.57000732421875,242.5053253173828,217.6999969482422,433.9951477050781,198.73187255859375,121.91999816894531,224.5127716064453,398.8688049316406,64.94000244140625,2933.47900390625,42586.91796875
2022-02-15,307.4766540527344,172.2971649169922,298.5196228027344,75.27999877929688,156.510498046875,136.42550659179688,407.4599914550781,264.77020263671875,221.0,440.9941101074219,204.0596466064453,126.23999786376953,226.98370361328125,405.2725524902344,67.5199966430664,3179.877197265625,44575.203125
2022-02-16,307.7966613769531,172.057861328125,298.1711730957031,72.87000274658203,158.10049438476562,137.4875030517578,398.0799865722656,264.9300842285156,216.5399932861328,441.4883728027344,204.48548889160156,125.55999755859375,227.9800262451172,405.75677490234375,67.29000091552734,3127.830078125,43961.859375
2022-02-17,292.1166687011719,168.3983154296875,289.4400939941406,68.18000030517578,154.65249633789062,132.30850219726562,386.6700134277344,244.9036865234375,207.7100067138672,432.0575866699219,199.24684143066406,124.43000030517578,223.7854766845703,397.1295471191406,65.02999877929688,2881.48193359375,40538.01171875
2022-02-18,285.6600036621094,166.8228302001953,286.6524963378906,64.80000305175781,152.60150146484375,130.46749877929688,391.2900085449219,236.25955200195312,206.16000366210938,429.2599792480469,197.5336456298828,118.98999786376953,221.8725128173828,394.5898132324219,64.19000244140625,2785.7275390625,40030.9765625
2022-02-22,273.84332275390625,163.85133361816406,286.44342041015625,63.38999938964844,150.19749450683594,129.40249633789062,377.3800048828125,233.7412567138672,202.0800018310547,424.6533203125,194.7509307861328,112.93000030517578,220.50755310058594,390.2712707519531,62.279998779296875,2639.29931640625,38286.02734375
2022-02-23,254.67999267578125,159.61346435546875,279.0264892578125,60.880001068115234,144.82699584960938,127.58499908447266,367.4599914550781,223.7180633544922,198.4499969482422,417.12054443359375,191.1066131591797,109.72000122070312,215.15724182128906,383.2449035644531,60.08000183105469,2590.359619140625,37296.5703125
2022-02-24,266.92333984375,162.27584838867188,293.282958984375,65.62000274658203,151.35800170898438,132.67349243164062,390.0299987792969,237.31884765625,207.60000610351562,423.3978271484375,196.11752319335938,108.93000030517578,216.50230407714844,389.134765625,63.08000183105469,2598.067138671875,38332.609375
2022-02-25,269.9566650390625,164.37982177734375,295.9908752441406,67.81999969482422,153.7884979248047,134.51950073242188,390.79998779296875,241.40606689453125,210.47999572753906,432.73968505859375,200.5342254638672,107.94000244140625,218.46507263183594,397.6335144042969,64.04000091552734,2764.53564453125,39214.21875
2022-02-28,290.1433410644531,164.6490478515625,297.4643249511719,70.47000122070312,153.56300354003906,134.89100646972656,394.5199890136719,243.6845245361328,211.02999877929688,431.63250732421875,201.3462677001953,105.19000244140625,215.32662963867188,396.6353759765625,66.41999816894531,2919.201171875,43193.234375
2022-03-01,288.1233215332031,162.73452758789062,293.641357421875,68.30999755859375,151.14199829101562,134.16799926757812,386.239990234375,234.6106719970703,203.49000549316406,425.0586242675781,197.55345153808594,107.08999633789062,208.202880859375,390.686279296875,65.11000061035156,2972.485107421875,44354.63671875
2022-03-02,293.2966613769531,166.08494567871094,298.85809326171875,67.55999755859375,152.05250549316406,134.75149536132812,380.0299987792969,242.07687377929688,208.11000061035156,432.8780822753906,202.25733947753906,105.41999816894531,207.7146759033203,397.8608093261719,65.30999755859375,2950.118408203125,43924.1171875
2022-03-03,279.7633361816406,165.75587463378906,294.6070556640625,63.2599983215332,147.89849853515625,134.30799865722656,368.07000732421875,237.01943969726562,202.97000122070312,430.7229919433594,199.86083984375,102.05000305175781,206.46926879882812,395.86456298828125,62.86000061035156,2834.468994140625,42451.7890625
2022-03-04,279.42999267578125,162.70460510253906,288.57391357421875,60.22999954223633,145.64100646972656,132.1219940185547,361.7300109863281,229.243408203125,200.05999755859375,427.2235412597656,196.73150634765625,100.5999984741211,199.5547332763672,392.6627502441406,61.47999954223633,2617.156005859375,39137.60546875
2022-03-07,268.1933288574219,158.8456573486328,277.6725158691406,58.04999923706055,137.4530029296875,126.4645004272461,350.260009765625,213.4114532470703,187.47000122070312,414.6293640136719,191.83946228027344,98.66000366210938,189.9999542236328,381.07080078125,60.4900016784668,2497.771240234375,38062.0390625
2022-03-08,274.79998779296875,156.99095153808594,274.6260986328125,58.619998931884766,136.01449584960938,127.27850341796875,341.760009765625,215.03062438964844,190.2899932861328,411.48577880859375,192.89906311035156,97.5,191.00625610351562,378.1950988769531,60.7599983215332,2576.74755859375,38737.26953125
2022-03-09,286.3233337402344,162.48524475097656,287.2199401855469,61.709999084472656,139.2790069580078,133.86599731445312,358.7900085449219,230.0229949951172,198.5,422.5180358886719,198.3357696533203,100.93000030517578,199.0266876220703,388.2750244140625,62.41999816894531,2729.783447265625,41982.92578125
2022-03-10,279.4333190917969,158.06788635253906,284.3228759765625,59.540000915527344,146.8175048828125,132.6820068359375,356.7699890136719,226.46482849121094,195.2100067138672,420.6101379394531,197.97927856445312,92.91999816894531,197.24327087402344,386.5456237792969,61.540000915527344,2608.048583984375,39437.4609375
2022-03-11,265.1166687011719,154.28868103027344,278.8273620605469,55.58000183105469,145.52450561523438,130.47549438476562,340.32000732421875,220.8876495361328,187.61000061035156,415.2620544433594,194.82022094726562,86.70999908447266,195.98788452148438,381.6143493652344,59.33000183105469,2559.56298828125,38794.97265625
2022-03-14,255.4566650390625,150.19039916992188,275.2134704589844,52.290000915527344,141.85299682617188,126.74099731445312,331.010009765625,213.19155883789062,186.6300048828125,412.2271728515625,190.83926391601562,77.76000213623047,199.5946044921875,378.82757568359375,57.220001220703125,2590.696044921875,39666.75390625
2022-03-15,267.2966613769531,154.64764404296875,285.8759460449219,54.38999938964844,147.3665008544922,129.66050720214844,343.75,229.6132049560547,192.02999877929688,421.292236328125,193.8794403076172,76.76000213623047,205.38327026367188,387.1385498046875,58.709999084472656,2620.149658203125,39338.78515625
2022-03-16,280.07666015625,159.13482666015625,293.0838317871094,60.040000915527344,153.10400390625,133.6905059814453,357.5299987792969,244.83547973632812,203.6300048828125,430.634033203125,199.9796600341797,104.9800033569336,211.09222412109375,395.7954406738281,62.70000076293945,2772.0556640625,41143.9296875
2022-03-17,290.5333251953125,160.16188049316406,293.91015625,62.93000030517578,157.23899841308594,134.60049438476562,371.3999938964844,247.5341033935547,207.83999633789062,436.0216979980469,203.11888122558594,100.37000274658203,212.6664276123047,400.63775634765625,64.9000015258789,2814.8544921875,40951.37890625
2022-03-18,301.7966613769531,163.51229858398438,299.0970153808594,65.7699966430664,161.25050354003906,136.80149841308594,380.6000061035156,264.3955383300781,216.49000549316406,440.7973327636719,205.25791931152344,108.30000305175781,218.3056640625,405.0650329589844,67.05000305175781,2945.343017578125,41801.15625
2022-03-21,307.0533447265625,164.90830993652344,297.8326416015625,63.97999954223633,161.4915008544922,136.47850036621094,374.5899963378906,267.2040710449219,211.49000549316406,440.66845703125,203.4456787109375,103.58999633789062,216.2432403564453,405.08477783203125,66.62000274658203,2897.9765625,41077.99609375
2022-03-22,331.32666015625,168.3385009765625,302.7109069824219,66.97000122070312,164.88900756835938,140.27749633789062,382.9200134277344,265.10516357421875,216.64999389648438,445.82489013671875,205.48568725585938,114.98999786376953,217.6680145263672,409.78875732421875,68.4800033569336,2973.131103515625,42358.80859375
2022-03-23,333.03668212890625,169.72454833984375,298.16119384765625,65.66999816894531,163.4080047607422,138.5034942626953,374.489990234375,256.2096862792969,213.4600067138672,440.0833435058594,201.9206085205078,117.23999786376953,213.89190673828125,404.5115966796875,67.81999969482422,3031.067138671875,42892.95703125
2022-03-24,337.97332763671875,173.57351684570312,302.7507629394531,66.4000015258789,163.64950561523438,141.31199645996094,375.7099914550781,281.35687255859375,219.57000732421875,446.7173156738281,204.24246215820312,115.1500015258789,216.51226806640625,410.5243835449219,69.04000091552734,3108.06201171875,43960.93359375
2022-03-25,336.8800048828125,174.22166442871094,302.3326110839844,64.51000213623047,164.77349853515625,141.52149963378906,373.8500061035156,276.77923583984375,221.82000732421875,448.89892578125,204.52029418945312,112.98999786376953,217.62815856933594,412.6066589355469,68.76000213623047,3106.67138671875,44348.73046875
2022-03-28,363.9466552734375,175.09915161132812,309.32147216796875,67.05999755859375,168.99049377441406,141.9499969482422,378.510009765625,282.04656982421875,223.58999633789062,452.0919494628906,204.5897674560547,115.08999633789062,219.95956420898438,415.4524230957031,69.38999938964844,3336.634521484375,47128.00390625
2022-03-29,366.5233459472656,178.44956970214844,314.0105895996094,71.38999938964844,169.31500244140625,143.25,391.82000732421875,286.414306640625,229.86000061035156,457.6846923828125,210.06692504882812,116.70999908447266,227.28257751464844,420.7076721191406,71.16999816894531,3401.98779296875,47465.73046875
2022-03-30,364.663330078125,177.26296997070312,312.4674377441406,68.68000030517578,166.30099487304688,142.64450073242188,381.4700012207031,276.75921630859375,227.85000610351562,454.8586120605469,205.8498992919922,116.58000183105469,223.1278839111328,418.0899658203125,70.0,3385.157958984375,47062.6640625
2022-03-31,359.20001220703125,174.1119842529297,306.9420471191406,66.29000091552734,162.99749755859375,139.64950561523438,374.5899963378906,272.72125244140625,222.36000061035156,447.85772705078125,203.67689514160156,108.80000305175781,220.9558868408203,411.6647033691406,67.66000366210938,3281.642822265625,45538.67578125
2022-04-01,361.5299987792969,173.8128204345703,308.0471496582031,67.54000091552734,163.55999755859375,140.6999969482422,373.4700012207031,266.98419189453125,224.85000610351562,449.12701416015625,205.95904541015625,110.19999694824219,225.52903747558594,412.80499267578125,68.19000244140625,3449.55224609375,46281.64453125
2022-04-04,381.8166809082031,177.93104553222656,313.572509765625,70.5,168.34649658203125,143.6425018310547,391.5,273.4609069824219,233.88999938964844,452.9744873046875,206.29641723632812,117.5,226.90399169921875,416.3052062988281,70.33999633789062,3521.2412109375,46622.67578125
2022-04-05,363.7533264160156,174.56068420410156,309.50067138671875,66.4800033569336,164.05499267578125,141.06300354003906,380.1499938964844,259.17816162109375,231.83999633789062,447.2528076171875,201.4145965576172,111.0,225.26004028320312,411.1590270996094,68.12999725341797,3411.79248046875,45555.9921875
2022-04-06,348.586669921875,171.33990478515625,298.1711730957031,63.400001525878906,158.75599670410156,137.17599487304688,368.3500061035156,243.9459228515625,223.3000030517578,442.78057861328125,198.55694580078125,107.68000030517578,218.2060089111328,406.99444580078125,65.80000305175781,3171.69189453125,43206.73828125
2022-04-07,352.4200134277344,171.64901733398438,300.0328674316406,62.65999984741211,157.7845001220703,136.46499633789062,362.1499938964844,241.95693969726562,222.9499969482422,445.0117492675781,197.9119873046875,104.2699966430664,215.35650634765625,409.0469665527344,65.58999633789062,3233.274658203125,43503.84765625
2022-04-08,341.8299865722656,169.6048583984375,295.6523742675781,60.650001525878906,154.4604949951172,134.010498046875,355.8800048828125,231.07247924804688,222.3300018310547,443.8218078613281,196.33432006835938,103.52999877929688,216.1834716796875,408.055419921875,64.19000244140625,3192.073974609375,42287.6640625
2022-04-11,325.30999755859375,165.27723693847656,283.9943542480469,59.84000015258789,151.1219940185547,129.79649353027344,348.0,219.05857849121094,216.4600067138672,436.2358703613281,195.0146484375,101.55000305175781,213.96165466308594,400.9856262207031,63.5099983215332,2981.05224609375,39521.90234375
2022-04-12,328.98333740234375,167.1818084716797,280.80853271484375,59.84000015258789,150.78750610351562,128.37449645996094,344.1000061035156,214.9306640625,214.13999938964844,434.6195373535156,195.6298370361328,99.75,210.62396240234375,399.5181579589844,63.25,3030.37646484375,40127.18359375
2022-04-13,340.7900085449219,169.91397094726562,286.3438415527344,61.72999954223633,155.54100036621094,130.28599548339844,350.42999267578125,221.91712951660156,214.99000549316406,439.59747314453125,199.35073852539062,100.02999877929688,212.48709106445312,404.02972412109375,64.54000091552734,3118.34423828125,41166.73046875
2022-04-14,328.3333435058594,164.8185577392578,278.5884094238281,58.9900016784668,151.7064971923828,127.25299835205078,341.1300048828125,212.471923828125,210.17999267578125,434.12371826171875,197.41587829589844,95.48999786376953,212.00885009765625,399.1214904785156,63.34000015258789,3019.909423828125,39935.515625
2022-04-18,334.7633361816406,164.5991973876953,279.2753601074219,57.349998474121094,152.78500366210938,127.96099853515625,337.8599853515625,217.71926879882812,210.77000427246094,434.3022155761719,196.0862579345703,94.70999908447266,212.38746643066406,399.19091796875,62.68000030517578,3057.606689453125,40826.21484375
2022-04-19,342.7166748046875,166.92254638671875,284.0341491699219,59.66999816894531,158.11549377441406,130.531005859375,348.6099853515625,221.8671417236328,217.30999755859375,441.31298828125,199.99569702148438,93.5,214.90817260742188,405.5666198730469,64.05000305175781,3104.1064453125,41502.75
2022-04-20,325.73333740234375,166.75302124023438,285.0894470214844,56.130001068115234,153.9980010986328,128.24549865722656,226.19000244140625,214.71080017089844,200.4199981689453,440.9857482910156,200.7597198486328,89.41000366210938,216.99050903320312,405.2592468261719,62.7400016784668,3077.745849609375,41374.37890625
2022-04-21,336.260009765625,165.94534301757812,279.5640869140625,53.34000015258789,148.29600524902344,124.9375,218.22000122070312,201.72738647460938,188.07000732421875,434.3914489746094,196.26487731933594,85.98999786376953,215.65542602539062,399.2503967285156,60.72999954223633,2987.480712890625,40527.36328125
2022-04-22,335.01666259765625,161.3285369873047,272.8141784667969,52.459999084472656,144.35000610351562,119.61399841308594,215.52000427246094,195.05078125,184.11000061035156,422.47210693359375,191.18460083007812,86.48999786376953,207.4058074951172,388.35321044921875,59.189998626708984,2964.835693359375,39740.3203125
2022-04-25,332.67333984375,162.41543579101562,279.4744873046875,54.349998474121094,146.07400512695312,123.25,209.91000366210938,198.9188232421875,186.99000549316406,424.9214172363281,192.3455352783203,85.83999633789062,209.1792755126953,390.47509765625,60.279998779296875,3009.3935546875,40458.30859375
2022-04-26,292.1400146484375,156.352783203125,269.02105712890625,50.68000030517578,139.39100646972656,119.50599670410156,198.39999389648438,187.7845001220703,180.9499969482422,412.6153564453125,186.282958984375,83.98999786376953,200.36178588867188,379.3102111816406,57.209999084472656,2808.29833984375,38117.4609375
2022-04-27,293.836669921875,156.12344360351562,281.9634094238281,49.560001373291016,138.16700744628906,115.02050018310547,188.5399932861328,184.05638122558594,174.9499969482422,413.7755432128906,185.50900268554688,88.31999969482422,213.32400512695312,380.29180908203125,56.79999923706055,2888.9296875,39241.12109375
2022-04-28,292.5033264160156,163.1732635498047,288.344970703125,48.869998931884766,144.59649658203125,119.4114990234375,199.52000427246094,197.71945190429688,205.72999572753906,424.227294921875,188.97190856933594,90.91000366210938,219.8499755859375,389.8207092285156,57.970001220703125,2936.94091796875,39773.828125
2022-04-29,290.2533264160156,157.20034790039062,276.2886657714844,47.130001068115234,124.28150177001953,114.96649932861328,190.36000061035156,185.37571716308594,200.47000122070312,408.5496826171875,183.5146026611328,97.08999633789062,212.3476104736328,375.50262451171875,56.630001068115234,2815.601806640625,38609.82421875
2022-05-02,300.9800109863281,157.5094757080078,283.2078552246094,50.130001068115234,124.5,117.15699768066406,199.4600067138672,195.23069763183594,211.1300048828125,411.0089111328125,185.43954467773438,101.20999908447266,210.7534942626953,377.86248779296875,57.900001525878906,2857.410400390625,38529.328125
2022-05-03,303.0833435058594,159.02513122558594,280.52978515625,49.869998931884766,124.25350189208984,118.12950134277344,199.8699951171875,195.9203643798828,212.02999877929688,412.89300537109375,187.02713012695312,100.37999725341797,207.7943878173828,379.49859619140625,57.91999816894531,2783.476318359375,37750.453125
2022-05-04,317.5400085449219,165.54647827148438,288.69342041015625,52.43000030517578,125.92849731445312,122.57499694824219,204.00999450683594,203.2366180419922,223.41000366210938,425.4668273925781,192.01808166503906,101.41000366210938,213.73251342773438,391.01055908203125,59.7400016784668,2940.644775390625,39698.37109375
2022-05-05,291.09332275390625,156.3228759765625,276.11944580078125,47.75,116.40699768066406,116.74649810791016,188.32000732421875,188.34420776367188,208.27999877929688,410.3445129394531,184.22901916503906,94.63999938964844,204.486572265625,377.2774963378906,56.06999969482422,2749.213134765625,36575.140625
2022-05-06,288.54998779296875,157.06182861328125,273.5110778808594,45.630001068115234,114.77249908447266,115.66000366210938,180.97000122070312,186.65505981445312,203.77000427246094,407.89520263671875,181.16299438476562,90.05000305175781,202.07546997070312,374.9076843261719,54.790000915527344,2694.979736328125,36040.921875
2022-05-09,262.3699951171875,151.8490753173828,263.40606689453125,41.130001068115234,108.78900146484375,113.08399963378906,173.10000610351562,169.41383361816406,196.2100067138672,394.83551025390625,173.5426025390625,84.83999633789062,192.29151916503906,362.8106689453125,50.959999084472656,2245.430419921875,30296.953125
2022-05-10,266.67999267578125,154.29566955566406,268.30426025390625,41.08000183105469,108.85900115966797,114.58450317382812,177.66000366210938,175.8605499267578,197.64999389648438,395.7477722167969,173.5922088623047,84.56999969482422,192.86936950683594,363.74273681640625,51.02000045776367,2343.510986328125,31022.90625
2022-05-11,244.6666717529297,146.29678344726562,259.3939514160156,36.93000030517578,105.37200164794922,113.96099853515625,166.3699951171875,166.2154541015625,188.74000549316406,389.46087646484375,169.27597045898438,81.7300033569336,195.9978485107422,357.88262939453125,48.540000915527344,2072.108642578125,28936.35546875
2022-05-12,242.6666717529297,142.36224365234375,254.217041015625,38.9900016784668,106.93049621582031,113.16100311279297,174.30999755859375,161.66778564453125,191.24000549316406,389.0543212890625,171.2604522705078,81.08999633789062,193.62704467773438,357.60498046875,49.619998931884766,1961.7015380859375,29047.751953125
2022-05-13,256.5299987792969,146.90594482421875,259.9614562988281,43.599998474121094,113.05500030517578,116.5155029296875,187.63999938964844,176.96998596191406,198.6199951171875,398.35577392578125,176.68800354003906,87.98999786376953,198.87774658203125,366.04315185546875,52.599998474121094,2014.418212890625,29283.103515625
2022-05-16,241.4566650390625,145.33811950683594,260.3397521972656,41.02000045776367,110.81050109863281,114.7925033569336,186.50999450683594,172.55224609375,200.0399932861328,396.73944091796875,175.84458923339844,86.4800033569336,197.46026611328125,364.7342834472656,51.40999984741211,2022.7259521484375,29862.91796875
2022-05-17,253.8699951171875,149.03298950195312,265.63616943359375,43.08000183105469,115.36849975585938,116.70149993896484,190.55999755859375,181.67759704589844,202.6199951171875,404.9005126953125,181.2225341796875,91.98999786376953,203.63931274414062,372.03216552734375,54.040000915527344,2090.4091796875,30425.857421875
2022-05-18,236.60333251953125,140.6246795654297,253.54183959960938,41.16999816894531,107.11250305175781,112.4010009765625,177.19000244140625,169.2938995361328,192.24000549316406,388.57830810546875,174.87220764160156,87.30999755859375,199.63641357421875,357.2976379394531,52.40999984741211,1916.6561279296875,28720.271484375
2022-05-19,236.47332763671875,137.15948486328125,252.60382080078125,43.029998779296875,107.31900024414062,110.74549865722656,183.47999572753906,171.1529541015625,191.2899932861328,386.1984558105469,175.15994262695312,87.69000244140625,197.0210418701172,354.9079895019531,53.36000061035156,2018.336181640625,30314.333984375
2022-05-20,221.3000030517578,137.39913940429688,252.02505493164062,42.40999984741211,107.59100341796875,109.31300354003906,186.35000610351562,166.8551483154297,193.5399932861328,386.3670349121094,174.7134552001953,86.79000091552734,198.6781005859375,354.9972229003906,52.08000183105469,1961.315673828125,29200.740234375
2022-05-23,224.96665954589844,142.91148376464844,260.097900390625,42.13999938964844,107.55699920654297,111.66649627685547,187.44000244140625,168.8940887451172,196.22999572753906,393.5959777832031,176.82691955566406,87.2300033569336,207.19302368164062,361.7298889160156,52.47999954223633,1972.181884765625,29098.91015625
2022-05-24,209.3866729736328,140.16529846191406,259.0700988769531,39.209999084472656,104.0999984741211,105.9260025024414,180.33999633789062,161.45787048339844,181.27999877929688,390.5913391113281,174.2073974609375,82.47000122070312,202.27174377441406,359.1221008300781,50.560001373291016,1978.9827880859375,29655.5859375
2022-05-25,219.60000610351562,140.32508850097656,261.96392822265625,41.029998779296875,106.7750015258789,105.8395004272461,187.8300018310547,169.66371154785156,183.8300018310547,394.0422058105469,177.34286499023438,82.30999755859375,203.47959899902344,362.1166076660156,51.470001220703125,1944.827880859375,29562.361328125
2022-05-26,235.91000366210938,143.58055114746094,265.3367919921875,42.630001068115234,111.07749938964844,108.2959976196289,191.39999389648438,178.4192352294922,191.6300048828125,401.91571044921875,181.30191040039062,94.4800033569336,208.1812744140625,369.3152770996094,53.029998779296875,1803.913330078125,29267.224609375
2022-05-27,253.2100067138672,149.43243408203125,272.6612243652344,45.40999984741211,115.14649963378906,112.79900360107422,195.19000244140625,188.01437377929688,195.1300048828125,411.7823791503906,186.1837158203125,93.41000366210938,212.5036163330078,378.5764465332031,55.13999938964844,1724.9228515625,28627.57421875
2022-05-31,252.75332641601562,148.633544921875,271.2941589355469,44.09000015258789,120.20950317382812,114.03900146484375,197.44000244140625,186.62509155273438,193.63999938964844,409.4718933105469,183.87181091308594,96.05000305175781,211.7948760986328,376.4743347167969,54.529998779296875,1942.3280029296875,31792.310546875
2022-06-01,246.7899932861328,148.50372314453125,271.8429870605469,42.5,121.68399810791016,114.13700103759766,192.91000366210938,183.1068572998047,188.63999938964844,406.1598815917969,182.82994079589844,93.37999725341797,209.55882263183594,373.3211669921875,53.84000015258789,1823.5693359375,29799.080078125
2022-06-02,258.3333435058594,151.00025939941406,273.9983825683594,45.630001068115234,125.51100158691406,117.74600219726562,205.08999633789062,195.8203887939453,198.86000061035156,413.8945617675781,187.29502868652344,97.5,214.66978454589844,380.4107971191406,56.84000015258789,1834.1505126953125,30467.48828125
2022-06-03,234.51666259765625,145.1783447265625,269.44805908203125,43.15999984741211,122.3499984741211,114.56400299072266,198.97999572753906,187.10482788085938,190.77999877929688,407.1019287109375,185.60821533203125,93.20999908447266,212.27401733398438,374.2532653808594,55.15999984741211,1775.07861328125,29704.390625
2022-06-06,238.27999877929688,145.93728637695312,268.1807556152344,43.4900016784668,124.79000091552734,117.010498046875,197.13999938964844,187.76449584960938,194.25,408.3414611816406,186.4119415283203,99.01000213623047,212.56350708007812,375.2745666503906,55.13999938964844,1859.2896728515625,31370.671875
2022-06-07,238.8866729736328,148.50372314453125,271.9228210449219,44.779998779296875,123.0,117.22949981689453,198.61000061035156,189.1637725830078,195.64999389648438,412.25836181640625,189.41842651367188,104.31999969482422,214.12075805664062,378.9433288574219,55.779998779296875,1814.04833984375,31155.478515625
2022-06-08,241.86666870117188,147.75477600097656,269.8372497558594,45.9900016784668,121.18000030517578,117.23799896240234,202.8300018310547,186.42459106445312,196.63999938964844,407.7762145996094,186.49131774902344,119.62000274658203,213.12252807617188,374.7986145019531,56.02000045776367,1793.572265625,30214.35546875
2022-06-09,239.7066650390625,142.442138671875,264.2291564941406,43.20000076293945,116.1500015258789,114.91799926757812,192.77000427246094,180.42637634277344,184.0,398.078125,182.62533569335938,109.9000015258789,205.74559020996094,365.983642578125,54.15999984741211,1789.8260498046875,30111.998046875
2022-06-10,232.22999572753906,136.93978881835938,252.4541473388672,40.11000061035156,109.6500015258789,111.42749786376953,182.94000244140625,169.6895751953125,175.57000732421875,386.53558349609375,177.6709442138672,109.83999633789062,199.15725708007812,355.2450866699219,52.380001068115234,1665.042236328125,29083.8046875
2022-06-13,215.73666381835938,131.6970672607422,241.74685668945312,36.58000183105469,103.66999816894531,106.87650299072266,169.69000244140625,156.42352294921875,164.25999450683594,371.85955810546875,169.32412719726562,98.5199966430664,191.92007446289062,341.55169677734375,49.369998931884766,1204.582763671875,22487.388671875
2022-06-14,220.88999938964844,132.57583618164062,243.97215270996094,36.9900016784668,102.30999755859375,107.19400024414062,167.5399932861328,158.31295776367188,163.72999572753906,370.739013671875,168.5083465576172,105.2300033569336,193.1778564453125,340.6989440917969,49.56999969482422,1211.662841796875,22206.79296875
2022-06-15,233.0,135.2421417236328,251.22674560546875,39.41999816894531,107.66999816894531,110.3905029296875,180.11000061035156,165.2209014892578,169.35000610351562,376.0243835449219,170.9755859375,108.02999877929688,195.8131866455078,345.577392578125,51.40999984741211,1233.2064208984375,22572.83984375
2022-06-16,213.10000610351562,129.8795928955078,244.4511260986328,36.97999954223633,103.66000366210938,106.63600158691406,173.35000610351562,155.96365356445312,160.8699951171875,363.5794677734375,163.05653381347656,101.44999694824219,188.71575927734375,334.22412109375,48.77000045776367,1067.730712890625,20381.650390625
2022-06-17,216.75999450683594,131.37750244140625,247.1254425048828,38.79999923706055,106.22000122070312,107.8655014038086,175.50999450683594,158.75282287597656,163.74000549316406,364.3632507324219,164.3299560546875,102.23999786376953,189.67404174804688,335.0966796875,50.189998626708984,1086.519287109375,20471.482421875
2022-06-21,237.0366668701172,135.68153381347656,253.2025604248047,40.5,108.68000030517578,112.01499938964844,170.91000366210938,165.6107940673828,157.0500030517578,373.53558349609375,167.27471923828125,106.38999938964844,194.0463104248047,343.3067626953125,51.560001373291016,1124.8245849609375,20710.59765625
2022-06-22,236.086669921875,135.16226196289062,252.59384155273438,41.11000061035156,108.94999694824219,112.03399658203125,178.88999938964844,163.55140686035156,155.85000610351562,372.8583679199219,166.9563751220703,105.1500015258789,193.47732543945312,342.58294677734375,51.47999954223633,1051.421875,19987.029296875
2022-06-23,235.07000732421875,138.0782012939453,258.3116760253906,44.029998779296875,112.44000244140625,112.68450164794922,181.7100067138672,162.20179748535156,158.75,376.5133361816406,168.95603942871094,112.11000061035156,196.29232788085938,346.1822814941406,52.4900016784668,1143.38671875,21085.876953125
2022-06-24,245.7066650390625,141.4635009765625,267.13299560546875,45.83000183105469,116.45999908447266,118.53800201416016,190.85000610351562,171.20912170410156,170.16000366210938,388.4841613769531,174.18896484375,117.62000274658203,205.14663696289062,356.96051025390625,53.689998626708984,1226.8447265625,21231.65625
2022-06-27,244.9199981689453,141.4635009765625,264.3289489746094,44.79999923706055,113.22000122070312,116.62249755859375,189.13999938964844,168.639892578125,169.49000549316406,387.0002746582031,174.8356170654297,118.7300033569336,203.20008850097656,355.62188720703125,52.869998931884766,1193.6806640625,20735.478515625
2022-06-28,232.663330078125,137.24935913085938,255.93675231933594,42.16999816894531,107.4000015258789,112.57150268554688,179.60000610351562,159.7725372314453,160.67999267578125,379.0927429199219,171.55259704589844,116.76000213623047,197.76971435546875,347.9373474121094,51.349998474121094,1144.5792236328125,20280.634765625
2022-06-29,228.49000549316406,139.036865234375,259.708740234375,41.5099983215332,108.91999816894531,112.25650024414062,178.36000061035156,155.3738250732422,163.94000244140625,378.7840270996094,169.8115997314453,116.02999877929688,199.14727783203125,348.10858154296875,50.470001220703125,1098.94384765625,20104.0234375
2022-06-30,224.47332763671875,136.5303497314453,256.2859802246094,39.880001068115234,106.20999908447266,109.37249755859375,174.8699951171875,151.5449676513672,161.25,375.7066650390625,168.4884490966797,113.68000030517578,196.54188537597656,345.3606872558594,50.08000183105469,1067.298828125,19784.7265625
2022-07-01,227.26333618164062,138.73727416992188,259.0301818847656,41.220001220703125,109.55999755859375,109.08100128173828,179.9499969482422,145.18685913085938,160.02999877929688,379.6803283691406,170.5279083251953,116.0,198.8278350830078,348.90509033203125,50.220001220703125,1059.767333984375,19269.3671875
2022-07-05,233.06666564941406,141.36363220214844,262.29327392578125,44.970001220703125,113.5,113.88700103759766,185.8800048828125,149.59555053710938,168.19000244140625,380.3973693847656,171.9405975341797,120.12999725341797,200.1854248046875,349.5223693847656,51.189998626708984,1134.541015625,20190.115234375
2022-07-06,231.73333740234375,142.7217559814453,265.6461181640625,43.959999084472656,114.33000183105469,115.2135009765625,184.05999755859375,151.2550506591797,169.77000427246094,381.68212890625,170.66717529296875,119.12000274658203,200.764404296875,350.7867736816406,50.189998626708984,1186.9739990234375,20548.24609375
2022-07-07,244.5433349609375,146.14700317382812,267.83148193359375,46.83000183105469,116.33000183105469,119.30599975585938,189.27000427246094,158.53289794921875,172.19000244140625,387.39862060546875,174.70628356933594,122.38999938964844,202.44143676757812,355.93414306640625,52.369998931884766,1237.5933837890625,21637.587890625
2022-07-08,250.76333618164062,146.83602905273438,267.09307861328125,46.86000061035156,115.54000091552734,120.16850280761719,186.97999572753906,158.3329620361328,170.8800048828125,387.0799560546875,174.68638610839844,120.9000015258789,203.2100830078125,355.72509765625,52.47999954223633,1222.5062255859375,21731.1171875
2022-07-11,234.3433380126953,144.66903686523438,263.9497375488281,43.619998931884766,111.75,116.52249908447266,177.33999633789062,151.47499084472656,162.8800048828125,382.6581115722656,171.17454528808594,109.56999969482422,204.6974334716797,351.7027587890625,50.34000015258789,1097.236572265625,19970.556640625
2022-07-12,233.07000732421875,145.6576690673828,253.1326904296875,44.31999969482422,109.22000122070312,114.84950256347656,174.4499969482422,150.77520751953125,163.27000427246094,379.2720031738281,170.58758544921875,109.20999908447266,204.45787048339844,348.45703125,49.97999954223633,1038.191650390625,19323.9140625
2022-07-13,237.0399932861328,145.28819274902344,252.18470764160156,44.0099983215332,110.4000015258789,112.18699645996094,176.55999755859375,151.59495544433594,163.49000549316406,377.2801818847656,170.43836975097656,109.0999984741211,203.78904724121094,346.83416748046875,49.88999938964844,1113.587158203125,20212.07421875
2022-07-14,238.31333923339844,148.26405334472656,253.54183959960938,43.099998474121094,110.62999725341797,111.44000244140625,174.77999877929688,153.67433166503906,158.0500030517578,376.36395263671875,168.6874237060547,103.76000213623047,205.5459442138672,345.918212890625,49.560001373291016,1191.5262451171875,20569.919921875
2022-07-15,240.06666564941406,149.96170043945312,256.1762390136719,44.11000061035156,113.55000305175781,112.76699829101562,189.11000061035156,157.5731658935547,164.6999969482422,383.554443359375,172.19924926757812,102.44000244140625,209.6686248779297,352.4594421386719,50.810001373291016,1233.129150390625,20836.328125
2022-07-18,240.54666137695312,146.86599731445312,253.7114715576172,43.970001220703125,113.76000213623047,109.91000366210938,190.9199981689453,160.962158203125,167.22999572753906,380.387451171875,171.71177673339844,103.13999938964844,206.84364318847656,349.5422668457031,50.720001220703125,1578.7178955078125,22485.689453125
2022-07-19,245.52999877929688,150.79054260253906,258.98028564453125,45.79999923706055,118.20999908447266,114.62000274658203,201.6300048828125,169.86952209472656,175.77999877929688,390.6651916503906,177.7704315185547,104.75,213.28224182128906,359.030517578125,52.290000915527344,1542.9752197265625,23389.43359375
2022-07-20,247.5,152.8277130126953,261.7144775390625,48.119998931884766,122.7699966430664,114.69999694824219,216.44000244140625,178.01710510253906,183.08999633789062,393.15496826171875,180.5560302734375,103.95999908447266,212.9927520751953,361.3304138183594,53.650001525878906,1520.20068359375,23231.732421875
2022-07-21,271.7066650390625,155.134521484375,264.2790222167969,48.959999084472656,124.62999725341797,115.04000091552734,223.8800048828125,180.44638061523438,183.1699981689453,397.1585388183594,181.48123168945312,105.12999725341797,215.80776977539062,364.9843444824219,54.939998626708984,1576.74951171875,23164.62890625
2022-07-22,272.24334716796875,153.87625122070312,259.8085021972656,46.25,122.41999816894531,108.36000061035156,220.44000244140625,173.1385498046875,169.27000427246094,393.4736633300781,178.58621215820312,100.61000061035156,213.32215881347656,361.6589660644531,53.130001068115234,1537.4051513671875,22714.978515625
2022-07-25,268.4333190917969,152.7378387451172,258.2817687988281,45.650001525878906,121.13999938964844,108.20999908447266,218.50999450683594,170.18943786621094,166.64999389648438,393.95172119140625,179.5114288330078,101.05999755859375,213.8911590576172,362.0173645019531,52.93000030517578,1445.3834228515625,21361.701171875
2022-07-26,258.8599853515625,151.3897247314453,251.36643981933594,43.470001220703125,114.80999755859375,105.44000244140625,213.91000366210938,165.2808837890625,159.14999389648438,389.2908630371094,178.4071502685547,101.44000244140625,212.11431884765625,357.6764831542969,52.09000015258789,1441.8067626953125,21239.75390625
2022-07-27,274.82000732421875,156.572509765625,268.1707763671875,46.380001068115234,120.97000122070312,113.5999984741211,226.75,177.84715270996094,169.5800018310547,399.39935302734375,182.46615600585938,102.77999877929688,210.09788513183594,367.0452880859375,54.099998474121094,1636.232666015625,22930.548828125
2022-07-28,280.8999938964844,157.13174438476562,275.82452392578125,46.18000030517578,122.27999877929688,114.58999633789062,226.02000427246094,179.7865753173828,160.72000122070312,404.40875244140625,184.97317504882812,100.55000305175781,210.97633361816406,371.68487548828125,55.20000076293945,1725.4681396484375,23843.88671875
2022-07-29,297.1499938964844,162.28457641601562,280.1453552246094,45.130001068115234,134.9499969482422,116.63999938964844,224.89999389648438,181.5760498046875,159.10000610351562,410.3045349121094,186.286376953125,89.37000274658203,211.7349853515625,377.13092041015625,56.060001373291016,1727.406982421875,23804.6328125
2022-08-01,297.27667236328125,161.2859649658203,277.421142578125,45.689998626708984,135.38999938964844,115.4800033569336,226.2100067138672,184.355224609375,159.92999267578125,409.0895080566406,186.21673583984375,90.33999633789062,210.98629760742188,375.9958801269531,56.220001220703125,1635.19580078125,23314.19921875
2022-08-02,300.586669921875,159.7880401611328,274.2379150390625,46.90999984741211,134.16000366210938,115.9000015258789,221.4199981689453,185.2049560546875,160.19000244140625,406.390625,186.0376739501953,92.62000274658203,205.8953094482422,373.56658935546875,56.790000915527344,1632.9454345703125,22978.1171875
2022-08-03,307.39666748046875,165.89956665039062,281.8717041015625,49.7599983215332,139.52000427246094,118.77999877929688,226.72999572753906,188.87387084960938,168.8000030517578,412.7544860839844,188.7735137939453,95.72000122070312,208.11138916015625,379.40093994140625,58.150001525878906,1618.87451171875,22846.5078125
2022-08-04,308.6333312988281,165.5800018310547,283.0491943359375,50.16999816894531,142.57000732421875,118.87000274658203,229.91000366210938,192.09291076660156,170.57000732421875,412.47564697265625,188.37557983398438,97.43000030517578,213.0925750732422,379.10223388671875,58.33000183105469,1608.205810546875,22630.95703125
2022-08-05,288.1700134277344,165.35000610351562,282.3107604980469,50.06999969482422,140.8000030517578,118.22000122070312,226.77999877929688,189.83358764648438,167.11000061035156,411.7784729003906,189.818115234375,92.55999755859375,215.4883270263672,378.3157043457031,57.29999923706055,1732.254638671875,23289.314453125
2022-08-08,290.42333984375,164.8699951171875,279.72625732421875,50.79999923706055,139.41000366210938,118.13999938964844,233.49000549316406,177.87713623046875,170.25,411.3004455566406,191.82772827148438,90.83999633789062,212.94284057617188,377.9772033691406,57.834999084472656,1775.51611328125,23809.486328125
2022-08-09,283.3333435058594,164.9199981689453,281.7020568847656,48.029998779296875,137.8300018310547,117.5,229.94000244140625,170.8092498779297,168.52999877929688,409.66717529296875,189.2112579345703,91.19000244140625,209.88824462890625,376.4837646484375,56.34000015258789,1703.0250244140625,23164.318359375
2022-08-10,294.3566589355469,169.24000549316406,288.5475158691406,51.56999969482422,142.69000244140625,120.6500015258789,244.11000061035156,180.91624450683594,178.33999633789062,418.27178955078125,194.61331176757812,92.43000030517578,211.72500610351562,384.3690490722656,59.15999984741211,1851.74267578125,23947.642578125
2022-08-11,286.6300048828125,168.49000549316406,286.41204833984375,49.91999816894531,140.63999938964844,119.81999969482422,242.6999969482422,179.36669921875,177.49000549316406,418.27178955078125,195.3395538330078,94.87000274658203,211.0800018310547,384.3690490722656,58.91999816894531,1881.22412109375,23957.529296875
2022-08-12,300.0299987792969,172.10000610351562,291.2917175292969,52.0099983215332,143.5500030517578,122.6500015258789,249.3000030517578,187.034423828125,180.5,425.35272216796875,199.32891845703125,94.7699966430664,211.3300018310547,390.95013427734375,60.540000915527344,1957.2464599609375,24402.818359375
2022-08-15,309.32000732421875,173.19000244140625,292.848388671875,52.189998626708984,143.17999267578125,122.87999725341797,249.11000061035156,190.2634735107422,180.88999938964844,427.1054992675781,200.0352783203125,94.19999694824219,216.4199981689453,392.6227722167969,60.36000061035156,1904.2281494140625,24136.97265625
2022-08-16,306.5633239746094,173.02999877929688,292.0899963378906,50.7400016784668,144.77999877929688,122.51000213623047,245.69000244140625,188.73390197753906,179.47000122070312,427.9421081542969,199.9556884765625,92.6500015258789,217.13999938964844,393.30975341796875,60.220001220703125,1878.139404296875,23883.291015625
2022-08-17,303.9966735839844,174.5500030517578,291.32000732421875,48.029998779296875,142.10000610351562,120.31999969482422,241.14999389648438,183.2955322265625,174.85000610351562,424.9045715332031,196.5930633544922,89.7699966430664,214.52000427246094,390.6215515136719,58.2400016784668,1832.9996337890625,23335.998046875
2022-08-18,302.8699951171875,174.14999389648438,290.1700134277344,47.5,142.3000030517578,120.86000061035156,245.1699981689453,187.67422485351562,174.66000366210938,426.1394958496094,197.89633178710938,90.73999786376953,215.25,391.82623291015625,58.18000030517578,1847.0078125,23212.73828125
2022-08-19,296.6666564941406,171.52000427246094,286.1499938964844,44.689998626708984,138.22999572753906,118.12000274658203,241.16000366210938,178.43698120117188,167.9600067138672,420.41302490234375,193.64830017089844,89.62999725341797,212.82000732421875,386.4200439453125,56.08000183105469,1612.9873046875,20877.552734375
2022-08-22,289.913330078125,167.57000732421875,277.75,43.61000061035156,133.22000122070312,115.06999969482422,226.5399932861328,170.28939819335938,163.0500030517578,411.6589660644531,189.658935546875,90.02999877929688,208.61000061035156,378.27587890625,54.31999969482422,1622.505859375,21398.908203125
2022-08-23,296.4533386230469,167.22999572753906,276.44000244140625,43.369998931884766,133.6199951171875,114.7699966430664,224.5500030517578,171.7589569091797,161.11000061035156,410.6630859375,189.96734619140625,89.83000183105469,206.8000030517578,377.37982177734375,54.08000183105469,1662.7698974609375,21528.087890625
2022-08-24,297.0966796875,167.52999877929688,275.7900085449219,44.5,133.8000030517578,114.69999694824219,229.61000061035156,172.16883850097656,163.25999450683594,411.9776916503906,191.41983032226562,92.5199966430664,206.6699981689453,378.5247802734375,54.93000030517578,1657.0592041015625,21395.01953125
2022-08-25,296.07000732421875,170.02999877929688,278.8500061035156,45.779998779296875,137.27999877929688,117.69999694824219,233.97999572753906,179.07679748535156,168.77999877929688,417.7937927246094,194.39443969726562,99.88999938964844,209.82000732421875,384.04052734375,55.95000076293945,1696.45703125,21600.904296875
2022-08-26,288.0899963378906,163.6199951171875,268.0899963378906,42.84000015258789,130.75,111.30000305175781,223.27999877929688,162.55169677734375,161.77999877929688,403.65185546875,188.00747680664062,98.0,202.88999938964844,370.87841796875,53.540000915527344,1507.7828369140625,20260.01953125
2022-08-29,284.82000732421875,161.3800048828125,265.2300109863281,42.130001068115234,129.7899932861328,110.33999633789062,224.57000732421875,157.9630584716797,159.1699981689453,400.98284912109375,186.2764434814453,96.5999984741211,202.3300018310547,368.4291687011719,52.939998626708984,1553.037353515625,20297.994140625
2022-08-30,277.70001220703125,158.91000366210938,262.9700012207031,41.90999984741211,128.72999572753906,109.91000366210938,220.64999389648438,154.63404846191406,157.16000366210938,396.5809020996094,183.66990661621094,93.83999633789062,201.3800048828125,364.4267883300781,52.08000183105469,1523.8388671875,19796.80859375
2022-08-31,275.6099853515625,157.22000122070312,261.4700012207031,41.880001068115234,126.7699966430664,109.1500015258789,223.55999755859375,150.89515686035156,162.92999267578125,393.56329345703125,182.55567932128906,95.41000366210938,198.7100067138672,361.55938720703125,51.959999084472656,1553.6849365234375,20049.763671875
2022-09-01,277.1600036621094,157.9600067138672,260.3999938964844,41.720001220703125,127.81999969482422,110.55000305175781,230.0399932861328,139.32859802246094,165.36000061035156,394.7982482910156,180.56597900390625,93.70999908447266,200.1300048828125,362.67449951171875,51.18000030517578,1586.1767578125,20127.140625
2022-09-02,270.2099914550781,155.80999755859375,256.05999755859375,40.59000015258789,127.51000213623047,108.68000030517578,226.11000061035156,136.42945861816406,160.32000732421875,390.63531494140625,179.16322326660156,91.80000305175781,197.75999450683594,358.8712463378906,50.22999954223633,1577.220458984375,19969.771484375
2022-09-06,274.4200134277344,154.52999877929688,253.25,40.09000015258789,126.11000061035156,107.4800033569336,218.38999938964844,134.61000061035156,158.5399932861328,389.1614074707031,177.39239501953125,88.44999694824219,198.63999938964844,357.6665344238281,50.2400016784668,1561.74853515625,18837.66796875
2022-09-07,283.70001220703125,155.9600067138672,258.0899963378906,41.470001220703125,129.47999572753906,110.4800033569336,228.9600067138672,137.13999938964844,160.38999938964844,396.1526794433594,181.25242614746094,90.5999984741211,200.4199981689453,364.07830810546875,50.58000183105469,1629.9063720703125,19290.32421875
2022-09-08,289.260009765625,154.4600067138672,258.5199890136719,42.70000076293945,129.82000732421875,109.41999816894531,227.44000244140625,139.89999389648438,162.05999755859375,398.7420349121094,182.7646026611328,89.5199966430664,200.7100067138672,366.4578552246094,51.13999938964844,1635.34765625,19329.833984375
2022-09-09,299.67999267578125,157.3699951171875,264.4599914550781,44.599998474121094,133.27000427246094,111.77999877929688,233.57000732421875,143.8699951171875,169.14999389648438,404.93658447265625,186.43560791015625,92.13999938964844,205.1999969482422,372.11297607421875,52.58000183105469,1719.08544921875,21381.15234375
2022-09-12,304.4200134277344,163.42999267578125,266.6499938964844,45.68000030517578,136.4499969482422,111.87000274658203,236.52999877929688,145.0500030517578,168.9600067138672,409.2887268066406,188.6939239501953,94.69000244140625,206.6300048828125,376.2049560546875,53.220001220703125,1713.7652587890625,22370.44921875
2022-09-13,292.1300048828125,153.83999633789062,251.99000549316406,42.58000183105469,126.81999969482422,105.30999755859375,218.1300048828125,131.30999755859375,153.1300048828125,391.4918212890625,181.31211853027344,89.47000122070312,199.6699981689453,359.7971496582031,50.900001525878906,1580.7879638671875,20296.70703125
2022-09-14,302.6099853515625,155.30999755859375,252.22000122070312,43.75,128.5500030517578,105.87000274658203,224.1199951171875,131.27999877929688,151.47000122070312,392.9856872558594,182.01846313476562,88.91999816894531,199.41000366210938,361.1412658691406,51.459999084472656,1634.7550048828125,20241.08984375
2022-09-15,303.75,152.3699951171875,245.3800048828125,44.709999084472656,126.27999877929688,103.9000015258789,235.3800048828125,129.2899932861328,149.5500030517578,388.5240173339844,180.6953125,88.83000183105469,195.3699951171875,357.1089782714844,51.09000015258789,1471.6934814453125,19701.2109375
2022-09-16,303.3500061035156,150.6999969482422,244.74000549316406,42.58000183105469,123.52999877929688,103.62999725341797,240.1300048828125,131.97999572753906,146.2899932861328,385.55999755859375,178.0688934326172,86.43000030517578,193.3000030517578,354.30133056640625,50.060001373291016,1432.44775390625,19772.583984375
2022-09-19,309.07000732421875,154.47999572753906,244.52000427246094,42.4900016784668,124.66000366210938,103.8499984741211,243.6300048828125,133.82000732421875,148.02000427246094,388.54998779296875,179.5910186767578,87.66000366210938,193.1300048828125,357.0193786621094,50.189998626708984,1377.5413818359375,19544.12890625
2022-09-20,308.7300109863281,156.89999389648438,242.4499969482422,41.439998626708984,122.19000244140625,101.83000183105469,242.85000610351562,131.75999450683594,146.08999633789062,384.0899963378906,177.1436767578125,85.80000305175781,192.07000732421875,352.9970703125,49.4900016784668,1324.38818359375,18890.7890625
2022-09-21,300.79998779296875,153.72000122070312,238.9499969482422,40.34000015258789,118.54000091552734,100.01000213623047,236.8699951171875,132.61000061035156,142.1199951171875,377.3900146484375,174.4376678466797,81.5999984741211,187.02000427246094,346.7843933105469,49.04999923706055,1252.6077880859375,18547.400390625
2022-09-22,288.5899963378906,152.74000549316406,240.97999572753906,38.61000061035156,117.30999755859375,100.56999969482422,237.0500030517578,125.61000061035156,142.82000732421875,374.2200012207031,170.50799560546875,80.70999908447266,185.7899932861328,343.8572692871094,47.91999816894531,1327.68017578125,19413.55078125
2022-09-23,275.3299865722656,150.42999267578125,237.9199981689453,37.83000183105469,113.77999877929688,99.16999816894531,226.41000366210938,125.16000366210938,140.41000366210938,367.95001220703125,166.44898986816406,78.80000305175781,183.9600067138672,338.1424255371094,46.56999969482422,1328.259521484375,19297.638671875
2022-09-26,276.010009765625,150.77000427246094,237.4499969482422,37.43000030517578,115.1500015258789,98.80999755859375,224.07000732421875,122.27999877929688,136.3699951171875,364.30999755859375,164.1699981689453,78.91000366210938,180.58999633789062,334.8668212890625,45.9900016784668,1335.3201904296875,19222.671875
2022-09-27,282.94000244140625,151.75999450683594,236.41000366210938,38.209999084472656,114.41000366210938,98.08999633789062,224.36000061035156,124.12999725341797,134.39999389648438,363.3800048828125,164.72999572753906,77.87000274658203,177.8699951171875,333.9210205078125,46.380001068115234,1330.127685546875,19110.546875
2022-09-28,287.80999755859375,149.83999633789062,241.07000732421875,39.9900016784668,118.01000213623047,100.73999786376953,245.1999969482422,127.36000061035156,141.61000061035156,370.5299987792969,169.94000244140625,80.98999786376953,179.17999267578125,340.4800109863281,47.619998931884766,1337.410888671875,19426.720703125
2022-09-29,268.2099914550781,142.47999572753906,237.5,37.79999923706055,114.80000305175781,98.08999633789062,239.7100067138672,122.19999694824219,136.41000366210938,362.7900085449219,166.1300048828125,79.05999755859375,180.05999755859375,333.3800048828125,45.56999969482422,1335.65234375,19573.05078125
2022-09-30,265.25,138.1999969482422,232.89999389648438,37.72999954223633,113.0,96.1500015258789,235.44000244140625,121.38999938964844,135.67999267578125,357.17999267578125,164.9199981689453,79.98999786376953,177.64999389648438,328.29998779296875,45.06999969482422,1327.9786376953125,19431.7890625
2022-10-03,242.39999389648438,142.4499969482422,240.74000549316406,37.900001525878906,115.87999725341797,99.30000305175781,239.0399932861328,125.12000274658203,138.61000061035156,366.6099853515625,169.2899932861328,80.44999694824219,181.64999389648438,336.9800109863281,45.689998626708984,1323.439208984375,19623.580078125
2022-10-04,249.44000244140625,146.10000610351562,248.8800048828125,40.790000915527344,121.08999633789062,102.41000366210938,240.74000549316406,131.6699981689453,140.27999877929688,377.9700012207031,176.0,84.11000061035156,185.64999389648438,347.2099914550781,47.66999816894531,1362.1265869140625,20336.84375
2022-10-05,240.80999755859375,146.39999389648438,249.1999969482422,40.040000915527344,120.94999694824219,102.22000122070312,236.72999572753906,132.08999633789062,138.97999572753906,377.0899963378906,174.6999969482422,84.38999938964844,187.6699981689453,346.6099853515625,46.869998931884766,1352.837158203125,20160.716796875
2022-10-06,238.1300048828125,145.42999267578125,246.7899932861328,40.16999816894531,120.30000305175781,102.23999786376953,240.02000427246094,131.3000030517578,139.07000732421875,373.20001220703125,173.72000122070312,84.31999969482422,185.58999633789062,342.9599914550781,46.529998779296875,1351.70947265625,19955.443359375
2022-10-07,223.07000732421875,140.08999633789062,234.24000549316406,37.529998779296875,114.55999755859375,99.56999969482422,224.75,120.76000213623047,133.4499969482422,362.7900085449219,168.61000061035156,81.23999786376953,183.8300018310547,333.3299865722656,44.439998626708984,1332.5169677734375,19546.849609375
2022-10-10,222.9600067138672,140.4199981689453,229.25,36.29999923706055,113.66999816894531,98.70999908447266,229.97999572753906,116.69999694824219,133.7899932861328,360.0199890136719,167.6699981689453,79.23999786376953,182.17999267578125,330.8399963378906,43.68000030517578,1291.337646484375,19141.484375
2022-10-11,216.5,138.97999572753906,225.41000366210938,35.650001525878906,112.20999908447266,98.05000305175781,214.2899932861328,115.86000061035156,128.5399932861328,357.739990234375,167.72000122070312,75.37000274658203,179.13999938964844,328.6600036621094,43.0,1279.57568359375,19051.41796875
2022-10-12,217.24000549316406,138.33999633789062,225.75,36.119998931884766,112.9000015258789,98.30000305175781,220.8699951171875,115.0,127.5,356.55999755859375,167.25999450683594,75.7300033569336,178.24000549316406,327.6400146484375,42.77000045776367,1294.9063720703125,19157.4453125
2022-10-13,221.72000122070312,142.99000549316406,234.24000549316406,36.040000915527344,112.52999877929688,99.70999908447266,232.50999450683594,119.5999984741211,130.2899932861328,365.9700012207031,171.39999389648438,75.01000213623047,184.66000366210938,336.2200012207031,43.65999984741211,1288.1239013671875,19382.904296875
2022-10-14,204.99000549316406,138.3800048828125,228.55999755859375,33.9900016784668,106.9000015258789,97.18000030517578,230.0,112.2699966430664,126.76000213623047,357.6300048828125,166.80999755859375,73.0199966430664,182.6199951171875,328.6499938964844,41.84000015258789,1297.422119140625,19185.65625
2022-10-17,219.35000610351562,142.41000366210938,237.52999877929688,36.380001068115234,113.79000091552734,100.77999877929688,245.10000610351562,118.87999725341797,134.0399932861328,366.82000732421875,172.1300048828125,76.7699966430664,185.25,337.0,43.779998779296875,1331.713623046875,19550.7578125
2022-10-18,220.19000244140625,143.75,238.5,36.970001220703125,116.36000061035156,101.38999938964844,240.86000061035156,119.66999816894531,132.8000030517578,371.1300048828125,174.1699981689453,76.33999633789062,187.1699981689453,340.9700012207031,44.2400016784668,1310.447021484375,19334.416015625
2022-10-19,222.0399932861328,143.86000061035156,236.47999572753906,35.380001068115234,115.06999969482422,100.29000091552734,272.3800048828125,120.51000213623047,133.22999572753906,368.5,171.2100067138672,71.2699966430664,186.41000366210938,338.6099853515625,43.58000183105469,1285.7442626953125,19139.53515625
2022-10-20,207.27999877929688,143.38999938964844,236.14999389648438,35.25,115.25,100.52999877929688,268.1600036621094,121.94000244140625,131.52999877929688,365.4100036621094,169.02999877929688,72.0199966430664,187.22000122070312,335.8299865722656,42.95000076293945,1283.200927734375,19053.740234375
2022-10-21,214.44000244140625,147.27000427246094,242.1199951171875,35.880001068115234,119.31999969482422,101.4800033569336,289.57000732421875,124.66000366210938,130.00999450683594,374.2900085449219,172.6999969482422,72.18000030517578,190.3699951171875,343.8999938964844,44.060001373291016,1299.9464111328125,19172.46875
2022-10-24,211.25,149.4499969482422,247.25,35.43000030517578,119.81999969482422,102.97000122070312,282.45001220703125,125.98999786376953,129.72000122070312,378.8699951171875,173.44000244140625,63.150001525878906,190.7100067138672,348.0899963378906,43.88999938964844,1344.99853515625,19345.572265625
2022-10-25,222.4199981689453,152.33999633789062,250.66000366210938,37.810001373291016,120.5999984741211,104.93000030517578,291.0199890136719,132.61000061035156,137.50999450683594,384.9200134277344,178.1699981689453,63.220001220703125,194.3800048828125,353.75,45.540000915527344,1461.6654052734375,20095.857421875
2022-10-26,224.63999938964844,149.35000610351562,231.32000732421875,37.88999938964844,115.66000366210938,94.81999969482422,298.6199951171875,128.9600067138672,129.82000732421875,382.0199890136719,179.0500030517578,68.51000213623047,203.3300018310547,351.1099853515625,45.58000183105469,1566.566650390625,20770.44140625
2022-10-27,225.08999633789062,144.8000030517578,226.75,37.869998931884766,110.95999908447266,92.5999984741211,296.94000244140625,131.75999450683594,97.94000244140625,379.9800109863281,179.08999633789062,65.83999633789062,204.2899932861328,349.2300109863281,45.72999954223633,1514.3748779296875,20285.8359375
2022-10-28,228.52000427246094,155.74000549316406,235.8699951171875,38.88999938964844,103.41000366210938,96.58000183105469,295.7200012207031,138.33999633789062,99.19999694824219,389.0199890136719,183.16000366210938,63.7400016784668,209.33999633789062,357.3800048828125,46.900001525878906,1555.4779052734375,20595.3515625
2022-10-31,227.5399932861328,153.33999633789062,232.1300048828125,38.279998779296875,102.44000244140625,94.66000366210938,291.8800048828125,134.97000122070312,93.16000366210938,386.2099914550781,183.3300018310547,63.58000183105469,207.16000366210938,354.95001220703125,46.38999938964844,1572.7144775390625,20495.7734375
